<CompanyHolidays>
	<Year value="2008">
	</Year>
	<Year value="2009">
		<Holiday  date="01-01-2009" occasion="New Year Day"/>
		<Holiday  date="26-01-2009" occasion="Republic Day"/>
		<Holiday  date="11-03-2009" occasion="Holi"/>
		<Holiday  date="10-04-2009" occasion="Good Friday"/>
		<Holiday  date="15-08-2009" occasion="Independence Day"/>
		<Holiday  date="28-09-2009" occasion="Dussehra"/> 
		<Holiday  date="02-10-2009" occasion="Gandhi Jayanti"/>
		<Holiday  date="19-10-2009" occasion="Bhai Dhuj"/>
		<Holiday  date="02-11-2009" occasion="Guru Nanak Birthday"/>
		<Holiday  date="25-12-2009" occasion="Christmas"/>
	</Year>
<Year value="2010">
		<Holiday  date="26-01-2010" occasion="Republic Day"/>
		<Holiday  date="10-02-2010" occasion="Test Day"/>
		<Holiday  date="15-08-2010" occasion="Independence Day"/>
		<Holiday  date="02-10-2010" occasion="Gandhi Jayanti"/>
	</Year>
</CompanyHolidays>