<mailsMode>
	<mailMode id="1"
		subject="Process L$LEVEL Escalation for (Case ID:$BP8CASE_ID)($SCENARIO_MILESTONE_ID_$ACTION_DETAILS_ID) has been breached"
		template="ProcessL1EscalationMail.html">
	</mailMode>
	<mailMode id="2"
		subject="Process L$LEVEL Escalation for the (Case ID:$BP8CASE_ID)($SCENARIO_MILESTONE_ID_$ACTION_DETAILS_ID) has been breached"
		template="ProcessL2EscalationMail.html">
	</mailMode>
	<mailMode id="3"
		subject="Process Reminder mail for (Case ID:$BP8CASE_ID)($SCENARIO_MILESTONE_ID_$ACTION_DETAILS_ID)"
		template="ProcessReminderMail.html">
	</mailMode>
	<mailMode id="4"
		subject="Milestone L$LEVEL Escalation for the (Case ID:$BP8CASE_ID)($SCENARIO_MILESTONE_ID_$ACTION_DETAILS_ID) has been breached"
		template="MilestoneL1EscalationMail.html">
	</mailMode>
	<mailMode id="5"
		subject="Milestone L$LEVEL Escalation for the (Case ID:$BP8CASE_ID)($SCENARIO_MILESTONE_ID_$ACTION_DETAILS_ID) has been breached"
		template="MilestoneL2EscalationMail.html">
	</mailMode>
	<mailMode id="6"
		subject="Milestone Reminder mail for (Case ID:$BP8CASE_ID)($SCENARIO_MILESTONE_ID_$ACTION_DETAILS_ID)"
		template="MilestoneReminderMail.html">
	</mailMode>
	<mailMode id="7"
		subject="Query Response L$LEVEL Escalation for the (Case ID:$BP8CASE_ID)($REQUEST_ID_$ACTION_DETAILS_ID) has been breached"
		template="QueryResponseL1EscalationMail.html">
	</mailMode>
	<mailMode id="8"
		subject="Query Response L$LEVEL Escalation for the (Case ID:$BP8CASE_ID)($REQUEST_ID_$ACTION_DETAILS_ID) has been breached"
		template="QueryResponseL2EscalationMail.html">
	</mailMode>
	<mailMode id="9"
		subject="Query Response Reminder mail for (Case ID:$BP8CASE_ID)($REQUEST_ID_$ACTION_DETAILS_ID)"
		template="QueryResponseReminderMail.html">
	</mailMode>
	<mailMode id="10"
		subject="Query Closure L$LEVEL Escalation for the (Case ID:$BP8CASE_ID)($REQUEST_ID_$ACTION_DETAILS_ID) has been breached"
		template="QueryClosureL1EscalationMail.html">
	</mailMode>
	<mailMode id="11"
		subject="Query Closure L$LEVEL Escalation for the (Case ID:$BP8CASE_ID)($REQUEST_ID_$ACTION_DETAILS_ID) has been breached"
		template="QueryClosureL2EscalationMail.html">
	</mailMode>
	<mailMode id="12"
		subject="Query Closure Reminder mail for (Case ID:$BP8CASE_ID)($REQUEST_ID_$ACTION_DETAILS_ID)"
		template="QueryClosureReminderMail.html">
	</mailMode>
	<mailMode id="13"
		subject="[FA Tracking]: Workflow Exception e-Alert for Case ID:$BP8CASE_ID"
		template="WorkflowException.html">
	</mailMode>
	<mailMode id="14" subject="[Process seek clarification](Case ID:$BP8CASE_ID)($SCENARIO_MILESTONE_ID_$ACTION_DETAILS_ID) $SUBJECT"
		template="ProcessSeekClarificationMail.html">
	</mailMode>
	<mailMode id="15" subject="[Process escalate](Case ID:$BP8CASE_ID)($SCENARIO_MILESTONE_ID_$ACTION_DETAILS_ID) $SUBJECT"
		template="ProcessEscalateMail.html">
	</mailMode>
	<mailMode id="16" subject="[Process notification](Case ID:$BP8CASE_ID)($SCENARIO_MILESTONE_ID_$ACTION_DETAILS_ID) $SUBJECT"
		template="ProcessNotificationMail.html">
	</mailMode>
	<mailMode id="17" subject="[Query seek clarification](Case ID:$BP8CASE_ID)($REQUEST_ID_$ACTION_DETAILS_ID) $SUBJECT"
		template="QuerySeekClarificationMail.html">
	</mailMode>
	<mailMode id="18" subject="[Query escalate](Case ID:$BP8CASE_ID)($REQUEST_ID_$ACTION_DETAILS_ID) $SUBJECT"
		template="QueryEscalateMail.html">
	</mailMode>
	<mailMode id="19" subject="[Query notification](Case ID:$BP8CASE_ID)($REQUEST_ID_$ACTION_DETAILS_ID) $SUBJECT"
		template="QueryNotificationMail.html">
	</mailMode>
	<mailMode id="20" subject="[ExternalSME](Case ID:$BP8CASE_ID)($REQUEST_ID_$ACTION_DETAILS_ID) Query Forwarded for Resolution"
		template="QuerySendToExternalSMEMail.html">
	</mailMode>
</mailsMode>