<?xml version="1.0" encoding="UTF-8"?>
<work-allocation>
	<admin-settings>
		<property name="workAllocationTypes" value="PUSH,PULL"/>
		<property name="PUSH" value="Round Robin, Workload"/>
		<property name="PULL" value=" "/>
		<property name="OTHER" value="Mechanism1, Mechanism2"/>
	</admin-settings>
	<group-names>
		<group-name id="1" name="CSS PO Group">
			<property name="workAllocationType" value="PUSH"/>
			<property name="workAllocationMechanism" value="Workload"/>
			<property name="usersUpdatedDate" value="2009-05-22 17:10:29"/>
			<property name="tagNames" value="CSS"/>
		</group-name>
		<group-name id="2" name="CSS Sourcing Group">
			<property name="workAllocationType" value="pull"/>
			<property name="workAllocationMechanism" value="Round Robin"/>
			<property name="usersUpdatedDate" value="2009-05-13 15:09:43"/>
			<property name="tagNames" value="CSS"/>
		</group-name>
		<group-name id="3" name="CSS Partner Evaluation Group">
			<property name="workAllocationType" value="PUSH"/>
			<property name="workAllocationMechanism" value="Round Robin"/>
			<property name="usersUpdatedDate" value="2009-05-13 11:57:29"/>
			<property name="tagNames" value="CSS"/>
		</group-name>
		<group-name id="4" name="CSS Employee HelpDesk Group">
			<property name="workAllocationType" value="PUSH"/>
			<property name="workAllocationMechanism" value="Round Robin"/>
			<property name="usersUpdatedDate" value="2009-05-13 15:10:56"/>
			<property name="tagNames" value="CSS"/>
		</group-name>
		<group-name id="5" name="CSS Partner HelpDesk Group">
			<property name="workAllocationType" value="PUSH"/>
			<property name="workAllocationMechanism" value="Round Robin"/>
			<property name="usersUpdatedDate" value="2009-05-13 11:57:29"/>
			<property name="tagNames" value="CSS"/>
		</group-name>
		<group-name id="6" name="CSS Masters Group">
			<property name="workAllocationType" value="PUSH"/>
			<property name="workAllocationMechanism" value="Workload"/>
			<property name="usersUpdatedDate" value="2009-05-13 11:57:29"/>
			<property name="tagNames" value="CSS"/>
		</group-name>
	</group-names>
</work-allocation>