<?xml version="1.0" encoding="UTF-8"?>
<MilestoneDetails>
	<Milestone ScenarioMilestoneID="18">
		<Name>Sites Identified for verification</Name>
		<Type>NORMAL</Type>
		<Order>1</Order>
		<ID>5</ID>
		<OwnerSSFID>B0040608</OwnerSSFID>
		<OwnerRole>FA Executive</OwnerRole>
		<RestSLA>1080</RestSLA>
		<Offset>1080</Offset>
		<ScenarioMilestoneDesc>
			<![CDATA[Identification of Sites / Assets for Verification]]>
		</ScenarioMilestoneDesc>
	</Milestone>
	<Milestone ScenarioMilestoneID="19">
		<Name>Interim Status Submitted</Name>
		<Type>NORMAL</Type>
		<Order>2</Order>
		<ID>6</ID>
		<OwnerSSFID>B0040608</OwnerSSFID>
		<OwnerRole>FA Executive</OwnerRole>
		<RestSLA>8100</RestSLA>
		<Offset>8100</Offset>
		<ScenarioMilestoneDesc>
			<![CDATA[Submission of interim status report]]>
		</ScenarioMilestoneDesc>
	</Milestone>
	<Milestone ScenarioMilestoneID="20">
		<Name>Final Report Submitted</Name>
		<Type>NORMAL</Type>
		<Order>3</Order>
		<ID>7</ID>
		<OwnerSSFID>B0040608</OwnerSSFID>
		<OwnerRole>FA Executive</OwnerRole>
		<RestSLA>8100</RestSLA>
		<Offset>8100</Offset>
		<ScenarioMilestoneDesc>
			<![CDATA[Submission of Physical Verification report]]>
		</ScenarioMilestoneDesc>
	</Milestone>
	<Milestone ScenarioMilestoneID="21">
		<Name>Reconciliation Approved</Name>
		<Type>APPROVAL</Type>
		<Order>4</Order>
		<ID>8</ID>
		<OwnerSSFID />
		<OwnerRole>FA Manager</OwnerRole>
		<RestSLA />
		<Offset>3780</Offset>
		<ScenarioMilestoneDesc>
			<![CDATA[Reconciliation & Approval as per DOA]]>
		</ScenarioMilestoneDesc>
	</Milestone>
	<Milestone ScenarioMilestoneID="22">
		<Name>Adjustments / Rectification complete</Name>
		<Type>NORMAL</Type>
		<Order>5</Order>
		<ID>9</ID>
		<OwnerSSFID>B0040608</OwnerSSFID>
		<OwnerRole>FA Executive</OwnerRole>
		<RestSLA />
		<Offset>3780</Offset>
		<ScenarioMilestoneDesc>
			<![CDATA[Rectifications / adjustment in Oracle and FAR]]>
		</ScenarioMilestoneDesc>
	</Milestone>
	<Milestone ScenarioMilestoneID="23">
		<Name>Verification Complete</Name>
		<Type>APPROVAL</Type>
		<Order>6</Order>
		<ID>10</ID>
		<OwnerSSFID />
		<OwnerRole>FA Manager</OwnerRole>
		<RestSLA />
		<Offset>1080</Offset>
		<ScenarioMilestoneDesc>
			<![CDATA[Review of FAR post rectification]]>
		</ScenarioMilestoneDesc>
	</Milestone>
</MilestoneDetails>