<?xml version="1.0" encoding="UTF-8"?>
<NotificationDetails Category="Process">
	<Notification SID="1">
		<Type>SLAExpired</Type>
		<Level>1</Level>
		<Offset>72</Offset>
		<To />
		<CC />
		<BCC />
		<IsTimerExpired>false</IsTimerExpired>
		<TimerNotificationIsEnabled>false</TimerNotificationIsEnabled>
	</Notification>
	<Notification SID="2">
		<Type>Escalation</Type>
		<Level>1</Level>
		<Offset>0</Offset>
		<To>
			<![CDATA[AA Head,PC FA Head,PC FA Manager]]>
		</To>
		<CC />
		<BCC />
		<IsTimerExpired>false</IsTimerExpired>
		<TimerNotificationIsEnabled>true</TimerNotificationIsEnabled>
	</Notification>
	<Notification SID="3">
		<Type>Escalation</Type>
		<Level>2</Level>
		<Offset>10</Offset>
		<To>
			<![CDATA[PC Head]]>
		</To>
		<CC ></CC>
		<BCC />
		<IsTimerExpired>false</IsTimerExpired>
		<TimerNotificationIsEnabled>true</TimerNotificationIsEnabled>
	</Notification>
</NotificationDetails>