<?xml version="1.0" encoding="UTF-8"?>
<TaskDetails>
	<Milestone ScenarioMilestoneID="18">
		<Task sid="1">
			<Id>1</Id>
			<Name>
				<![CDATA[Inventory to FA program Run]]>
			</Name>
			<Order>1</Order>
			<Description>
				<![CDATA[do this]]>
			</Description>
			<ScenarioId>6</ScenarioId>
			<Status>N</Status>
			<LastUpdatedDate />
		</Task>
		<Task sid="2">
			<Id>2</Id>
			<Name>
				<![CDATA[FCT installation details received]]>
			</Name>
			<Order>2</Order>
			<Description>
				<![CDATA[do that]]>
			</Description>
			<ScenarioId>6</ScenarioId>
			<Status>N</Status>
			<LastUpdatedDate />
		</Task>
	</Milestone>
	<Milestone ScenarioMilestoneID="19">
		<Task sid="1">
			<Id>1</Id>
			<Name>
				<![CDATA[Inventory to FA program Run]]>
			</Name>
			<Order>1</Order>
			<Description>
				<![CDATA[do the new]]>
			</Description>
			<ScenarioId>6</ScenarioId>
			<Status>N</Status>
			<LastUpdatedDate />
		</Task>
	</Milestone>
</TaskDetails>